{"cameraMode":{"drawMode":0,"name":"Shaded","section":"Shading Mode"},"sceneLighting":true,"audioPlay":false,"sceneViewState":{"showFog":true,"showMaterialUpdate":true,"showSkybox":true,"showFlares":true,"showImageEffects":true,"showParticleSystems":true,"showVisualEffectGraphs":true,"m_FxEnabled":true},"in2DMode":false,"pivot":{"x":-2.1830577850341799,"y":-16.963363647460939,"z":14.547536849975586},"rotation":{"x":0.564665675163269,"y":-0.07648799568414688,"z":0.05266585201025009,"w":0.8200790286064148},"size":29.782381057739259,"orthographic":false}