{"cameraMode":{"drawMode":0,"name":"Shaded","section":"Shading Mode"},"sceneLighting":false,"audioPlay":false,"sceneViewState":{"showFog":true,"showMaterialUpdate":false,"showSkybox":false,"showFlares":true,"showImageEffects":true,"showParticleSystems":true,"showVisualEffectGraphs":true,"m_FxEnabled":true},"in2DMode":false,"pivot":{"x":7.860000133514404,"y":0.9900000095367432,"z":-11.010000228881836},"rotation":{"x":0.5130070447921753,"y":0.018292119726538659,"z":-0.01092975027859211,"w":0.8581414818763733},"size":0.8660256862640381,"orthographic":false}