{"cameraMode":{"drawMode":0,"name":"Shaded","section":"Shading Mode"},"sceneLighting":true,"audioPlay":false,"sceneViewState":{"showFog":true,"showMaterialUpdate":false,"showSkybox":true,"showFlares":true,"showImageEffects":true,"showParticleSystems":true,"showVisualEffectGraphs":true,"m_FxEnabled":true},"in2DMode":false,"pivot":{"x":-2.8704586029052736,"y":-21.830062866210939,"z":10.694463729858399},"rotation":{"x":0.41474759578704836,"y":0.02348640002310276,"z":-0.010695099830627442,"w":0.909588098526001},"size":20.831451416015626,"orthographic":false}