{"cameraMode":{"drawMode":0,"name":"Shaded","section":"Shading Mode"},"sceneLighting":true,"audioPlay":false,"sceneViewState":{"showFog":true,"showMaterialUpdate":false,"showSkybox":true,"showFlares":true,"showImageEffects":true,"showParticleSystems":true,"showVisualEffectGraphs":true,"m_FxEnabled":true},"in2DMode":false,"pivot":{"x":-4.957770347595215,"y":-14.255277633666993,"z":19.370258331298829},"rotation":{"x":0.31865864992141726,"y":-0.002546867821365595,"z":0.0008679055608808994,"w":0.9478833675384522},"size":27.12796974182129,"orthographic":false}